Month,Average_Data_Transmitted_per_Pass_(Gbits)
2023-06,59.263855888290244
2023-07,64.30491500811654
2023-08,77.72334561844114
2023-09,31.219276584015446
2023-10,144.10176012985445
2023-11,79.12795453673073
2023-12,126.58727572072776
2024-01,100.15097876606377
2024-02,112.69857101581438
2024-03,68.44819169393875
2024-04,92.05662453334132
2024-05,56.307795454526236
