Month,Network Availability (%)
2023-06,81.34933506325008
2023-07,68.83808330723457
2023-08,71.75070466645788
2023-09,62.03883495145631
2023-10,66.58315064202944
2023-11,63.13915857605178
2023-12,83.11932352020044
2024-01,78.2649545881616
2024-02,74.45597589554738
2024-03,65.92546194801128
2024-04,70.35598705501617
2024-05,73.59849671155652
